text,label
Munafdivan3602 su ke chhe jovo brobr ane aapde nati jati ma jagdiye chhi kadach kajal himdustani ae aa spich hindu dikriyu ane hindu ma bap ne chetvva mate vat bansvi ne kidhi hase to pan kai khotu nathi kryu hu bharwad chhu jo amari dikriyu no nam lai ne udaharn aapyu hot yo pan hu Dil thi khotu na lagadt  kam krvu aghru chhe bolvu kai pan sellu chhe hoy himat patidar samaj athva koi dikra ni to kro madar kajal nu ...aavedan ane FRI...bhanela nu aadhar vagar nu hathiyar bani gyu chhe.kajal ne aa bilva badal su sarkar kri lese,1
Tu bolechhe ne achkaine tenauparthi spstthaychhe bhai ke taroj vakchhe ane idioma tuj bolechhe biji paltino koi nthi bhai karfyunoto bhang kariyuchhene marigya hoytoy  toy pan karfyuno bhang nokray ame gribne pan niyambhang karani sjajdechheto tnepan jadvijoiye ane medamne farithi ame mangdikariyechhiyeke te polisma farithi avijay ne tane jelma nakhiye,1
Aama Kaya kaydana aadhare kam kare chhe police dikari to koi ni office ma nokri kare chhe malik kahe tevu taiping Karine temne aapyu chhe to dikari ne gunegar sha mate police banave chhe police pan janta na nokar chhe BJP na dalal bani ne je kam kare chhe temne police ma nokri karvano adhikari j nathi janta na Tex na rupiya thi pagar laine ne adhikari jantane heran karva nu kam kare chhe to temne ghr besarido janta jago hindu hoi ke muslim janta ak Thai ne aavi sarkar ne ughada pado ne temni okat batavo janta jago,1
Jay jay sri ram aapade badhay janiye j che ye ke jalaram bapa nu virpur hoy k bajrang daas bapu nu bagdana hoy k aapa gigaa nu satadhar hoy tamam jgyaye ankhestro ma bhaviko ne aasatha tuprvak mafat maa kayam bhar pet jamade che jyare aa sawami narayan madiro maa jojo aa sawamiyo ye dharm ne neme dhandho chalu karyoche laadu ni parsadi jotihoy to 20 rupiya jamavu hoyato aek thari naa 100 rupiya aa sawami loko ne to dhundo che aene Sanatan Dharm sathe koi levadeva nathi aemneto bas rupiya kamava thi matlab che,0
Rupani Tu bhai gujrat na layak j nai pela to ane bike chalavvani okat nai ane odi api didhi che bhul thi tane atle..Tu revade corona thi nai matra atle loko mansik rite mare che atle plz pela to Tu new vala ne k bandh kare ava samachar des ma biju kai thtu j nai la corona j che ak ne ak batay batay karo new ma...,1
TME TAMARA VOTING MATE THY NE BIJANE SU LEVA BADNAAAM KRO CHO BAKI JE AA SAMAJ A KRYU CHE ENA TO ITAHAS SAKSHI PURE CHE AMARO BHOROSO BJP SARKAR CHE NAI K AAVA KOI VYAKTIO VOTE BHAJPA SARKAR NE APAY CHE NAI K AAVA 2-4 MANSO NE TME LOKO PELA AAVU BOLO PCHI MAAFI MAGO ATLE SU TAMARE BOLTA PELA J VICHAR KRVO PLE K JO AA SAMAJ NO HOY TO TMARI HALAT SU HOT.,0
"Aava lokomo manvta jevu hotu nthi aamne matr rupiyathi mtlb hoy che gujrat ane polis frj jvano ni privar nike mrnaroni koy chinta
Aava dlalone hoti nthi aemno privar aa aksmat mo homayo thot to rupiya thi
Gunagarone bchva nikli pdyahot
Sbse bda rupeeya he aava loko mate
Bhgvan ase logoko sdbbuddi de  mrnevale sbhi vykti oko inke aatma ko santi prdankr",0
"Madam aa rite ane aava question bjp na koi Nita same boli juvo tame kesho evu hu karish. Ane gulam thaine rahish
 Pan tame avu nahi karo kem ke tamne khaber che tamari halat su thashe
 Ek midiya tarike tamne bhan nathi ke tame koni jode vaat karo che respect karo ane bjp ni bhakti chodi do
 Ane duety karo sari rite
 Aap aave che
 Ane tamaro aham utari jashe",0
aato aem kahe che ke mari aashta teyaj ray che shalagpur maj to aano matalab ke bije keyay nathi tari aashtha shardha toto pavan tara gharma pan nay hoy ne ka te shwash leva shalagpur aato hasu teyaj hanumanji badhej che pela tu tari aakh khol ne shwami vishe saru lagava mate na bol ke teyaj aashtha che aej jagiya ye,0
Aa badhi godi midia chhe marnara 26 manas modiji na koyi saga nota ee dard jena swajan gaya chhe emne khabar pade midia kyay pan modiji khotu Kare chhe ewu kehwani himat nathi karta ane kato bjp thi dare chhe mane to em hatu k modiji emne sabak sikhwadse pan ewu kayi khas na kari sakya modiji ana karta to amari rajashahi sari ane bahadur hati awi kayarta kyarey na kare,0
Sarkar ne je kayda nathi lavvana ilaveche Ane je lavvana che inathi lavti sarkar  aatli badhi nafrat lavo navo kaydo balatkarine fansi pan aakaydo sarkar khud Jani joined nathi lavti Karan ke aama netaji na putro aava Kam vadhare kare che Ane bhinu sankelayjay che Nana mansonu bahar aaveche Ane amapan muslim atle godi midiya no masalo gala na dava khane javu pade atala gala tanse ama tv9bharat varsh to tv na sfikkar pan fadi nakhse aatli muslim thi nafrat aapno desh 1 divas aavi rite bar bad thay javano shrilanka  Pakistan bangaladesh israil ni jem,1
Bhai ama nuksan chhele apde hindu o ne j che vidhrmiyo favi jai che gani vat gar ma patavi devai eno dhandhero n pitai a midia Vada ne to news ni jarur j hoy che a lukha midia Vada vat ne lambi kari ne pablik ne uskere che samjo sanataniyo samjo jo koi mulo emna dharm ni avi koi vat kari hoy to tamne khabr pan nai padava de tai midia Vada nai phochi sakta emni takat nathi midia ni tai bolva ni et hindu ek thava,0
"Hamesa sanatan guru ne target karva ma ave je koi bolta nathi faydo upade che

Var var avu ghani var sudhi swami ji apda devo na vise bolta avya

Have jalaram bapa jeva sant ne target kare 
Jene maaf nahi karay 

Aava swami kay pan boli jay che pachi samadhan kari jatu kare che

Pan bolayelu vakya pachu jatu nathi mate aa swami ne kyarey maaf na karay",0
"Varsothi moti moti dargaho par shu thay che tyare jatha vala ni najar ma Kem na aavyu , ajmer ma Mira datar ma pahela jav tya varsothi Kem tapas Kari nathi ? Tya midia valo ni fate che?roje pepar ma tantriko ni jaherato aave che te na dekhai? Jangli rammy nanana balko ramva lagya che ,te vishay parmidia Kem chup che,",0
"Yeh Bharat Desh ki Janta na Jane konsey gunaah ki Aajivan sajaah bhugat Rahi hey Janta ghunpashiney ki mehnat kar ke sirf texis bhartey marjana hey Netas, Adhikari ko Aayyashi karney ka kounsa kanuni Samvidhan Prajatantra pravdhan hey Parmatma Jaane Janta behaal Ho Rahi hey Jina muskil susaed, manoranjan sey Mout milati hey kya kare ??????????",0
Je aavirodh krayo che teva kolo pohla mava jevi tuchh vastu khava nu badhakro biju kela dhamma pustko vachya che drekbhagavan ekbija ne man aape che drek seva kre che gamete swrupe hoy aatli samjan hoy to joytutu su drek swarupe drek vakhate judajuda kam kya che  shree ram  emnetime ram lila kri tevij rite shree krushbhavan em lila kri tevij rite badha bhavan ek che hundu ek rho tevi prathana üáÆüá≥khota vivado ubha kro nhi koi char sadhu na virudh mate hundu dham nu to vicharo,0
Tane aatla varas kem posanu Sanatan ne badnam karvanu bandh karo santo ne to potani manir maryada thi na nikdi sake tu sa mate gai teni pase purush koi kharab nathi mari drasti a Ek ladi ni iccha vagar koi purush tene tuch pan na kari sake ne aatla varas pachi fariyad karva nu kem man thayu aatla varas posayu galti tamari che ben Santo ne badnam na karo,1
Aavu thodu hoy vadil par hath upade che aamno kay vaak j nathi ne kadach vadil no vaak hoy toy shanti thi vaat karay ne aa mamla ma VADIL sacha che aama sahanshakti j nathi koyma pochelo hoy aa lukho to aakhi sosayti vara sathe mali ne aa lukha ne maro etle badho power utri jase police to kyare aave !!!,0
Are mara sanatani bhaio amone etlu giyan to nathi pn bhagvan ek bijane mota sabit karva to Avtar ni lidho hase kadach manav na kaliyan mate  aavela manvi pota na dharm sachai no rasto par thi bhatki ni jai tena mate ghadi vaar Avtar aavto rahe kono bhagvan moto se kono bhagwan nano se am keva ni aave la a manav sacho rasto ne pakdi ne enaa aatma kaliyan mate aave se k maru banaveli rachna no naas ni thai ena mate bhagwan na ekaj svarup se loko jane puje ej bhagvan ej rup ma darshan bhi aape ena anek rup se koi moto ni k  koi nano ni badha harha j se .jaha prem he vahi bhagwan he  .jai raam ji ki,0
Koi na bachava mate ja bolo cho a badu khotu bolo cho mafi magvani  jarur nathi kam k khota mafi na mage tane to bhai piisa malvana che tamaru gar barvanu che pan bija na gar ujjdi gaya Anu su doba vakil thai na gar nathi bharvana ma na dikra gaya che taro marse na tayre khaber padse doba,1
"Je shaheb vat lari rahya chhe amari system aavi hati tevi hati

To ej vat chhe saheb ke hati , etle tyate koi Ne saval nato uthayo ; Atyare kai Randhai rahyu hoy evu lagi rayu chhe etle muddo banyo chhe

Aasha rakhiye Je kidhu Saheb e evu j hoy , ne kai pan khotu na thayu hoy ...üòÖüëçüèª",0
Ekdam sachi vaat chhe.  Ek j vaat kais ke bhagwan no janam adharm no naash karva thay chhe pan aa swaminarayan ane emna santo to dharm no j naash kari rahya chhe.  Hindu ne jagrut thavanu jaroor chhe. A loko hanuman ji ne pan nana ganave chhe. Ane tamam swamio aava j chhe 1-2 nathi. Aakho sampraday khoto chhe,0
Garibo ne danda mare bethela lolo ne police jeep ave mare 8 10 hajarno memo fade aa banav pachhi ig keva pagla lese tv par to samanya loko ne bo dhamki ape chhe ig,0
Pipavav port ma aavine jo gopal ketala pase private nokari che ane sara udhyog gujrat ma tamara neta aava Nai deta nirama jevi company ne tamara kanu bhai kalasariya e ja karo aapi ne amara gam ni pragatti rundhvanu kam kariyu aap wala nu evu che karavu nai ane karava dais nai em,0
"Khub khub dhnyavad Baba Saheb ne  k jene aa kanun bnavyu
Jenathi aava guna karta loko ne saja thai ske chhe
Pn afsos k kanun nu puru palan thtu nthi ane lagvag ane rupya chale chhe aa Samay ma",0
"Ha sachi vat, Chutani vkhte to Dj üéßüë®‚Äçüé§üé∂vgadyu bojjj mask üò∑vgr bdha a but,, tyare koi ne ksu j nai dekhayu ne amne bdha kidhu k mrg  ma k kse pn Dj, bend baja ksu j ni joye,, aatli bdhi moghvari km?? Paisa vara ne kai j vadho nai aave but medium varg ne garib ne ketlu Aghru thy gyu che,, Je loko evu kese ne Tmne khava nu pivanu dekhay che modi a Je kryu aatlu bdhu te nthi dekha tu ene mare kevu che k to modi ne jai ne ke ame bdha loko upvas pr utri jye? Lakho pgar aapse amne? Atla pgar pn nthi hota ghr kevi rite chalavu? Modi krodo ‚Çπ na kpda pere che ena krta ssta kpda peri ne garib ne kaik aap de eni life sudhrse,, keva mate Bo bdhu che but Koi frk nthi pdvanu,, aa bdha   Corona vaccine nthi leta ne atle bhanu kadhe che khotu k corona aavyo m,, ena bhane bdha vaccine to lese, ü§®Bo hosiyar che sarkar aapdi",0
"SUE JANAE RONAK TU TANE DHARM VISE KAE GYAN NATHI NATHI SHASHTRO VACHYA  TO TU BHAI BOOM NA PAD 
HAVE TAMNE KAU KE NANO. MOTO ATLE AMUK LOKO FAKT SWAMINARAYAN NO VIRODHAJ KARTA HOY BAS BIJU KAE NO KARVU HOY EVA KHALI SAVALAJ PUCHYA KARE ANE PIN MARVI EJ EMNU KAM HOY TE NANO MOTO KEHVANO ARTHA CHHE BIJU KAE NAE . BAKI JENE SHASHTROKT VATU KARVI HOY ANE SAMJVU HOY TO TENE JAVAB MALE MATE RAKESH TU KETLO ABHIMANI CHHE TV NEWS MA AMANEYA KHABAR CHHE",0
"Mafi mage chhe ke majak kare chhe? Bhagwan nu apmaan kare chhe majak banave chhe emne bhan chhe shu parinam hoy? Aa manas Raam Katha kare chhe toy atlu samjhatu nathi? Koi Vivad ne sthaan j nathi pan have mari lokone appeal chhe ke aamni so called Katha na sambhalo khotu samjhavshe ne tamney paap ma naakhshe. Baki mare emne etlu j kahevanu, ""JE SURAJ SAAMI RAJ NAKHE TE ULTI AAVI PADE MATHE"". Aamne ane emna Shrotaone Sadbuddhi save e mate BHAGWAN SWAMINARAYAN NA CHARANO MA PRARTHANA SATHE NILKANT VARNI NO ABHISHEK KARISH.",0
Apna darbaro gana kapana ghani shamao kari chhu thayu have kaliyug chhe have jo apne chhatriyo daya bhavna batavasu shama kar chhu to rajashahi mathi atyare majduri uper avya ghana apna darbaro anya samajno bhog bane chhe koi sath nathi apto ane rajkarnio ono koi dharam nathi hoto aem pan je rajput rajkarniyono jo potana samaj ne agal vadharyo rajput samaj ne muskili ma koi madad nathi karto vot ane note mate badha kare chhe,0
"Aela Jitu bhai kayda ni maryada maj rahine Yuvraj bhaiye kaam kryu hatu pan bjp WALA ni fati etle khota gunah ma heran karo cho.

Pramanikta ni vaat tame karo ma aa Tamara modhe thi saru nathi lagtu..

Ha kemke badha have caroro aape che kemke lakho no time modi kaka ye juno kri have Vikas na name caroro ley che",0
bara barsa jo kapane vara ama no neuma lava to ama nagareka ana gara ma lagavala metara ana solara pana la no adadu karcha kapane pasa lavo joea ana unta na pana jata lo kapa ne bava lasa atala grahak na madava joea,0
Bhai tme dnka na jor vala ne ? Rajkot agnikand bow bolta ne huto bolish dnka na jor pr a dnko kya gyo ? Rajkot agnikand nu su thyu a bolta bhi nthi & hve biji bdhi vato kro cho dnka na jor pr ...tme am keta hta jta sudhi gunegar ne sja nhi mle tya sudhi bolish Kai sja mli ? Mli hoito jnta ne jnavo na mli hoito dnka ni vato krvanu bnd kro ...nhito neta & media ne ek sarkha smjvama aavche ...joke jota avuj Lage ekj maa na bne beta che,0
A  arop ben dikari ni shathe  khoti kevay  a amariri ben dikari she  mafi mago jeno koy apradh nathi  anu sanman koro 18 re varan ni dikari she   ama koy tamari mardan gi nathi tamaru kam nathi ke tame yogi adityanath jevi kamgiri  nay karisako,0
"Jyare jyare bhagvan dharti par avtar dharan kare che tyare manushya janme ave che. Temni raksha karva temna nava swsrupna darshan karva devi devta achuk padhare che.
Tyare tysre sadguru mumuksho pan sathe lave che.
Sachu bolish but darek dharma darek avtar ma devi devta darshan karva avej che .
Aa kalyug ma aspne nahi samjay.
Aap vedio banavva famous thava kai baki nathi rakhyu.
Tamare khub famous thavu hoy to badhaj problems dharmma rahi motane maan apo solve karo.
Bhagvan samaye je sadguru hata haribhakto hata temne te vakhte joyu hatu temaj grantho books ma lakhayu che.koij khotu nathi.
Jo hamna bhagvan avtar le to temni sathe sadguru mukti santo pan  dharati par avse.
Bhagvan che te olkhava santo aave che bhakto ave che.",0
Aa Nana gunehgar 5 che etale  Ane mota gunehgar ne sarkar aazad Karine fulhar kare che Ahmdabad na mota gunahgar Ane hal chutni taim moto gunahgar ne 20 divas na perol male che to sarkarni bevdi niti Kem Ane aano godi midiya virodh kemnathi karta muslim che atale gala fadi fadi ne godi midiya ek varas sudhi chalu rahese  pacha em kahe ke 1 nambar chenal bhai amne khabar che tamari chenal godi nambar van che,1
Bollywood movie ma bhagavan na majak kare to aaj paisa aapi jova janar hindu Che aa aej hindu Che je samay pramane bhagavan badale ane jarur padye murda pase pan Jay aa hindu swarthi ane sagavadiyo Che bhagavan nu apman ni vato karo cho bhagavan nu apman koi na kari sake pan aa je bani rahyu Che ae tamra avnara bhavishya mate khatra roop Che to have nani vat ma pan jago ane ek thay lado aava badha pantho ne mannaraj sanatan na dushman Che jene aej nathi khabar k bhagavan kon Che aa swaminarayan jeva 100 200 varas thi aavela bhagavan bani gya jene tena janm sthan par pan koi jantu nathi gujarat ma aava Ghana nana mota bhagavan fati nikala Che ek gondal pase Che ae pan aavi vato kare Che hindu devi devta mate jenu nam Che ugam ane jene thaye haju 70 varas mand thaya che to aakho kholo ane panth mathi bahar aavi sanatani bano baki nash pako Che badha no...,0
Aava dhongi  vone sha mate  gujrat ma  prvesh  aaposho  aadhogi   bijo  aasharam  chhe  purshotam bhai ni vat sachi  chhe jo chamtkari  hoye to batave  pulvama  ma 40  foji ne marva ma  ne  300  k g  rdx   kona  ishare  aaviyu    aa 2024   ma  mogvari  berojgari  no  muddo  hatavi  ne   hindu  dhrm  na  name  BJP  vot  leva no plan  chhe   ane  midiya  ae  ronak patel   tapas karo  ke aano kharch  kon  aapvano chhe  ne ketlo kharch  thayo  teni  tapas  abp  na ronak patel  jatej  kare ne janta ne janave  lakhi rakhjo  aano tamam  kharch  BJP j  aapvani  hashe,1
...... GADHEDAO ni Jem BHUNKYA vagar aa bhadwao fekuda aney pappuda walao saathey aa Ronakiya e pun DELHI na 78 gaamdao na khuduto ney Jai ney mali ney vaat kari sachu shu chchey e janya pachchi video banavi ney chanel uper batadvy joiey ..... gadhedao ni Jem bhonkvu na joiey SACHCHAI janya vagar .....,1
Atlu  bhath tu kharb bolis to pan Swaminarayan bhavan Purna Purushottam Narayan sarvopari Bhagwan chhe ama emnu kasu karb nathi thavanu amno prchar to vathvano chhe pan tamri jat dekhi avi ke tame navri prja ketli kharab hade tamari Vani no upyog Karo chho kya bolvanu hoy tya kem mo bhanth thai Jay chhe kehevat chhe ke gali na kutra gali ma bhasiya kare Maharashtra Swaminarayan Bhagwan Ni Pachad padi gaya chho,1
"Je Loko ae Raj karyu ae aaje London ma betha chhe bdha rajao na vansaj to pachhi tame ka lado chho ae Loko ne vadhho nathi 
Rupala ae je pan kahyu ae hachu kahyu tame rupala ne chup karavso kale bija 100 rupala ubha Thai jase 
Je hakikat chhe aene accept karilyo bhaio baki koi na thi ver nathi aapnu",0
"Bhai Dihli mo Nana barko ne Daru
Piva ni sut kemaapvipsi su rupiya
Lutva mate sutaapi panjab mo Daru
Ni sukem ledish baun sukan khuleaakem AaLoko jutbolvamoAk nabar najutha se GUJRAT mo na chale fifivjulala koi vot nhiaape",0
Aaj rite badha ne methi pak chakhadwo joiye kadhangi praja unghi rahi che kone kahiye k sachu su che !?  Jene dekhay ne eto parinam no vicharej nahi ne thoki de lafo,0
Bhai taim na bagado kya sadhu calta jay cae kae mhaent karva jay cae aapnae mandira ma rupia nakiyae tar rupya tee sadhu loko mogi mogi gadi ma fare cehal kaya sadu ae javata smadi lidhe rojagar baekari nu bolo,0
ARE BHAI PEHLA LAKHOMA BILL AVE TNYA AA MITUR MUKONI NANA MANSONE HERAN KARO CHHO KEM PELA LOKONA GAROMAJ KEM MUKO CHHO PELA GAVARMENT.KSCHRI GVARMENT OFFISARO NA GARTHI SARUAT KARO GEB NA ADHIKARI NE TNYA MUKO,0
"Morari  bapu  e  sanatan  satya  kahyu  chhe,  bapu  amani  jagyaye  sacha  chhe,   hu  aava  swaminarayan  ne  nathi  manto,  karan  ke  ketlaye  swaminaraniyao  a  balako  sathe  srusti  virruddh  krutya  karyu  chhe,  ne  swaminarayan  wala  prem  ma  Pan  padela  chhe,  aa  loko  ne  sant  kevi  rite  kaheva,  aato  ladudi  khava  wala  chhe,  aankhe  Patti  bandhai  hoy  eva  bhakto  na  ne  darshanartio  na  paise  tagadthina  karavawala  chhe,  swaminarayan  kya  parsevo  padavae jay  chhe K  majuri  kare  chhe,  hu  hamesha  aava  dhutara  O.  Thi  door  rahu  Chhu.  Bapu  ne  maru  mordant chhe K  tame  machak  na  aapta.",0
Aava maninagarna sadhunu hoy ke koi pansadhua lakhelu hoy jo darek sampradayna sadhu haribhaktos siksapatrimo pahelo salok vacho se ke nahi sapst lakhelu se ke sri krasnbhagvanne mara ist dev manva tokhotu bolvu ke lakhvu ayogy kahevay sadhu hoy to tenne vicharine bolvujoia jy hind,0
Je em keta hoi k svami vah tame sahi.      Emne ek var  dharmik granth vanchva   to khyal  aVe  k  har  hari  sivay biju kaij  nathi.  Ne bhagvan svami narayn  ans avtar che emay khotu nathi.   Pan    dharm  che  bhagvan  e bhulvu nahi.    Baki jyare Ram krasn nu va ncho toj tame katha kari sako cho biji vat e  paiso pan eno j thay che ram karsn  ni jatha thi biju. Svami narayn ni lila to ketli  hoi Divyaba,0
"Swami narayan bhagvan thi aapan ne kai vandho nathi pan aa panth ak sweet poison che swaminarayan panth ak dhongi che ana sadhu o mathi amuk ne muki ne badha khota sadhu o che ane anathi pan mota halki na a che je aava panth ma donation aape che Kem ke  , aapda sacha santo to girnar ma che ane  swaminarayan aada am keta hoy ke aam karva nu bhagvane kidhu aam karva nu bhagvane kidhu to bhagvane to am kidhu che ke sacho sadhu a che sachi sant a che je sansad ma moh na rakhe , sadhu a kevay je bhajan kare par hit mate na ke amul dhee na mohanthad khay te , bhagavn na name tame loko a dhandho kholyo che dhandho have bus karo bus",1
Poichama a uj bhagwan Sankar nu apna batavtu putads chhe ghansyam suta chhe siv parvati  thali lai ne ubhela batavel chhe ghansyam krisn nabhakta hata. Nahi ke bhagwan parntu Swami naran na bhagwan hase baki ghansyam maharaj bhagwan hoy to bhagvat no a tarwad khoto pade swaminarnio smji jav mariyadama raho bharat ma Hali nikda hhe gametene bhagwan banavi mul bhagwan ne bhulavanakhel karoma,0
chodina nisar. aetloj sharif hoy to case chhodi de. tari ben ne pan aava raisjada ae kachdi mareli ane tu aa raisjada ni bhadvai kare chhe. vakilat alag kaam chhe ane bhadvai alag kaam chhe. jem aatank vadio ane balatkario na case nathi ladta ghana badha vakilo aem tu pan insaniyat batav.,1
Khota vivad ubhana karo loko tame koe pan student ka samanya manas ne puchaso ke nilkanth aetale kon to tamane jawab ma bhagavan shiv mahadev aem j smbharva malase jer pive ae nilkanth keway ae badhane khabar chhe aapda sastro swaminarayan bhagavan na janm pela na chhe mate loko shiv ne nilkanth tarike mane chhe aema koe vivad na karo dharm ne majak na banavo,0
Rajputo ne sama shil hovu joiye üòÇüòÇüòÇ aem app bolo chhoto  to tame ribada vada ne su kam chhama na kari ane bijo madar ni vat pan sosial medita uper thay to chhama shil rajput koidi madar na kare ane madar kare chhama shil na hoy,0
Arvid kejarival padharo have apale bhajap ne bhagaviye bas have bhajap nathi joeto mogavari ma thakigaya  ane samiti ma chokha avi gaya tuk samay ma chokha pal band tae jay a chor vikas vikas kari ne pablik ne mara madya chai ane ler kare chai mogavari thi bachavu hoy to  bhajap bhagado,0
"Hanumanji msharaj dhamrm kula kuldevta chhect te daroraj ghanshayam mahsraj na darshan karva,temna dhare jsta hata jyare dharma dev ne kuskeli avibtyare pan teo temna dhare jai vanvan hava kahek lu tyar bad vandvan thi pachha avta vam bula padva thi hsnumanji avi rasto batavi gayela ane janaval ke ashvathama shrap apel chhe te temne lagse nahi te to gnan thi badha asuro no parjsyat kare bhagvan aodhima hata tyare dararoj hanuman gadi darshan hsta hata..hanumaji hamesa darshan karva jata,jyare bhGavan vanvicharan  ma nikalya tyare bhagvan na darshan tatha,dhyan ma joyu to.bhava  van vicharan ma,gaya,chhe tyre tya lodheshvar game darshan karva tyare hanumani e kahelu ke mane tamari seva rakho tyare bhagvane kahiyu k atyare tamare jaru nathi hu yad karu to avjo tyare hanumanji e kahiyu ke mare dararaoj karva no.niyam chhe to.mara,darshan kari jata,rahejo .chhata,pan vanvicharan ek var bhagvan ne malva gayela aghansham.maharj to avttar na avtari chhe tevu janta hata .ane sarvopari bhagav ne seva,kare tema nanu shu thai gayu sarang ma je murti muki chhe to bhagvan vanvivharN vakhate falo apela teni zankhi chhe",0
Bhdva tu janto nthi ki ne bhgwn ne sevk vche na lila chritr che tu tene avdu smji ne midia pr thoke che tu ne hou su jania chia Swaminarayan ram ne kirishn ne line aa bhart jivtu jagtu che bhdva tu bhgwan hode aavi nthi gyo ke tu sw gadi snsntha vishe pnchat thoke che,1
AA Sant ane amara narnarayan dev na darshan mate lakho janam na punya joy Tamara jeva kutra na kaam nathi tame to AA Sant na mutar ma pan na tanavo ane tame Amara narnarayan Dev na tap nu khau Cho ne ena agar bahu chadavo kutra jeva clip kadhi ne batado Cho ane bija ne bhadkave ro rakshas jeva hamna pan amara swami lidhe views malera ane ee paisa thi khay ro ekle bau bhok bhok na karje naka pachi bhagwan taro pan varo kadhse pachi ta rova ni halat pan ni hoy tari,0
"Sant ne mara jay swaminarayan,
A sanatani sant ne sat sat vandan, hindu ni kamjori to juvo potana rotla sekva bija ne thes pohche tevu su Kam karvu joi ye.
Pramukh Swami mahant Swami halma chhe kyarey koi ne dukh Lage te u kary nathi karyu, te swaminarayan dharm ni parampara chhe.

Namra nivedan chhe seri /gali ma hanumanji maharaj nu deri nichej road upper na banavo, kam se kam kamr thi upper banava vinti nu nivedan karjo Swami, 
Hanumanji maharaj kon apman Kari sake ,bhul thi apde seva bhav ma avu Kari besi siye ,jya kachro,pan pichkari tyaj pade chhe ,chhapal peri ne pan baju mathi nikde chhe.

Jay ho sanatan no
Jay ho swaminarayan no
Lakh lakh vandan",0
Vat ek dam sachi chhe ke janta jay to kya jay aa rajooaat sree narerdr modi ji ne karvi joia puchhvu pan joia ature sudhi corona kya gayab hato sakthi 1 month pahla garib gay jevi jantane bharmavo chho kem herna kem niyam saune sarkha lagva joia a janta hoy ke neta.,0
Harsh shghvi ne htavo ane aa dada ne bi aa dada na ma cm jevu kay chhe j nhi ane harsh bhai to pota na shurat ne bi shlamat nthi rakhi shkya to shu krvanu pls aa mntri mandl j bkvash chhe htavo bdha ministar ne juna to to shara hta,0
Sobha na ganthya Saman nitin bhai tame su navu karyu dar varse  graduate chokra chokari yo mehnat majuri Karine pota nu gujran chalave Che. Gujrat na tamam mantri o ne potana hodda nij chinta hoy Che janta ni k Samanya Manas ni nahi aaje Amul MA job joiti hoy ne  15 thi 20 lakh rupiya bharva pade saheb aek pan prasna puchva ni jarur nathi tame javab aapo tame ketla ne rojgar puro padyo,0
"aamne pan faansi aapyo ne pela gurmeer ram rahim ne pan faansi aapo pan aey election ma modi ne jitade che aelte aene hamna j 20 na parole aapya ne aani pehla pan aapya hata , gurmeet ram rahim aey to dhalga bandh hatya ne badatkaar karya che pan modi ne haryana ma jitade che aetle aene vaare gahdiye parole aape che .",1
Apana desh na niyam to jadhal che to aa bhaiye barbar karyu baki nyay na malat nyay malta malta varso nikdi jat aa direk kari nakhyo nyay anye barbar karyu bhaiye,0
"Nitin kaka  last 5 year thi koi Govt exam complete thai nathi without corruption 
Tame Gujarat ni vaat karone kya delhi ni govt ma khodo kadho cho pote kai karvu nai and bija je kare ene karva devu nahi 
Aa vakhate pakku tame gare j javana cho 
Koi Govt exam tame lo cho e election orrianted lo cho 
Ex.  Talati jena form 2018 ma bharaya hata haji exam na thekana nathi to batavo haji ketliy exam exam na result pending che tame su karyu e kaho ne khota faka fojdari maro cho 
Ketli job setting thi aapi che e pan khabar che badhane 
@ronakbhai tamne pan kehvanu ke Gujarat ma last 5 years ma jetli pan exam levai ema kai exam evi che jema koi pan issue na aavyo hoy mango aa question no ans  Gujarat Govt jode?",0
"Swamiji e E na bhulvu joie k aa Nana loko e j e loko ne mota karya chhe

Aa 2 line no javab aape swami,

Ane vadhu kau to mota manso ne to badhi khaber j hoy chhe, khare khar tamare javab to nana manso ne j aapvana hoy

Karan k e loko nana etle chhe k eloko shikshit nathi, aarthik parishthiti sari nathi ane chhata tamarama shraddha rakhe chhe tame ko e sacchhu khotu mane chhe,

Kadach etle tamare mota nay pan Nana maso ne javab pela aapvo joie

Ronak bhai Dhanyvaad aa amara Nana manso no tame aavaj banya e badal",0
Dekho Bhai mera to yah Manana hai ki Ham Kabhi Bhi Kahin bhi kisi bhi Jagah Ja sakte hain lekin Kisi bhi samaj mein jakar uski vah Vahi to kar sakte hain lekin dusre Samaj ka apman kabhi bhi nahin kar sakte aapko yah nahin karna tha aapko use Samaj ki vavai karne se koi nahin rok Raha lekin dusre Samaj ki Burai bhi mat karo Jay Hind Jay Bharat,0
Ronakbhai nitinbhai finance minister hta tyar thi temna khata mathi bharti ni file darek department mathi darkhast avti parantu tya thi pass thati n hti ame jivta Sakshi chi aa berojgari na ane ronakbhai tme pan hu tu bolis na munch upar thi apna madhyam dwara GSRTC na Ashrito no prashn Dhirendrasinh sathe uthavel che ane GSRTC na administration staff ma hal 2500 mahekam hal hji khali padel che je gujarat high court ma pan gujarat government swikarel che. High court ma 2013 ma Aa jaher krel hova chata bija 10 varsh thava avya Pan bharti ni manjuri nthi malti. Ame to aa naukari  mate 2001 thi rah joy rhya Chi. Amra pratye Gujarat government ni samvedna kyare jagse te hve jovu rhyu.,0
Are bhosdina badhu bhagvan ni lila chhe krishna bhagvan kehta hata ke aa badhi mari maya chhe tu bhagvan ni maya ne nai samji ske loda santo ne sukam badnam kre chhe ha sankarji avya hata lund fakir,1
Aela bhai tuk ma vat karone aa gandi chodinav swamiyu dharam parivartan karava mange che ane aa lukhhi chodinav public ne khote raste Dore che ... aakho swaminarayan parivar lukhhi chodino che madar chod bhega tya che may kanglav bhadvaav riverseyaav,1
Rambhai mokariya tame kabul karochho ke me Rajkot fire shakhama kam karavava mate 70 hajar apela matalab ke tame bhrashtachar ne protshahan apine tame bhrasht thaya chho jae kabulat apine tame bhrasht chho ano puravo apo chho kemke curreption apvu ne levu banne curreption kahevama Ave che curreption tame pan dudhe dhoyela nathi je puravo tame apo chho,1
"aavi undhaio je gusi rahi che Hindu thaine hindu dharam ma, kharekhar ma to aapde j javabdar chiye.. Mahabharat rachayu aemathi shreemad Bhagwat geeta no sar nikryo to pan aaj kal na manaso ae bhagwan ke ae panth ne pakdine betha jemnu jivan bhagwan shree hari ne prerit hatu to aamne to aemne j bhagwan banaine dhandho banai didho che, pan aenathi pan motu dukh to ae kori khay che ke aatlu aatlu thaya pachi pan #Gujaratio ni antar aatma aa badhu joi rahi che..",1
Aela pn ghare thi bhanva mokale che to rate tya su datyu tu ghare aem hoy k bhane che pn bar farya hoy ae aa tathya na banav thi khabr pade che to khota toda karva karta taiyari karta chokra taiyari j kare baar rakhde nai,1
Gujarat ma police shahi havi thay gyi che. Colector mamaltdar to side par rahi gya che . 4 th pass ne raji karva vargoda kadhe che. A nyayik uchit j che nay  amitshah ane modi saheb nu dhyan doro .. ny to a 4th pass bjp ne dubadse ..  potane Amit Shah samje che. Amit Shah bnva lodha na chna chvava pade,0
"Saheb shree pahela vat kriye To te tamne matar classmate ganavi rahiya che na ke close friend e vykti ni vat par thi koi rite janava nathi madtu ke te tamne koi khota sandarbh thi mitar kaheta hoy and jo tame em pan kaho cho ke maro pahela thi koi mitar hata j nahi to hu tamne chokkas thi kahis ke sure Tamara swbhav prmane koi mitar nahi j hoy biju ke jarur thi tame je post par Pohchiya cho tema ghani mahenat tamne thai hase mahenat kri ne j tane ahiya sudhi aviya haso parantu jo tame Class one officer ni sreni ma avo cho to tamne Tamara hoda ni abhiman vadhare dekhay rahiyu che jya tamaru swaabhiman hovu joiye abhiman nahi 

Te mitar teni Mafi pan mage che ke bhul thai gai

Biji baju tame media ma tamaro pratibhav raju kro cho ke me tapas karawi 14 Varsh pahela te 12 ma hato and aje 14 yrs pachi contact kri ne mane koi gunahit activity krawa mage che tem tamne janavi rhaiyu che to saheb shree pahela to Guno Tamara par bane che ke koi pan purava vagar tame matar Tamara naam thi sambodh Nar vykti par khota aarop lagavi rahiya cho tamari pase kyo evo Adhikar che ke tame koi ne pan Janiya koi purava vagar tame arop lagavi sko ? 


Ama mane em janay che tamari pase kayda nu koi j knowledge nathi 

Tame pot√© kyak ne kyak tamari Odkhan etle ke tamaru naam chupavi rahiya hoy tem janay che",0
"Nihar saheb aap shree ne mari vinti che ke aa axident patel na chokra ye karyu che chata eno bachav karvama aaveche pan jo kadach aa patel ni jagya ye koi pan muslim no chokaro hot to atyare hindu muslim nu tofan jami gayu hot 
Pan mari aap shree ne namra araj che ke aa marnar vyakti ne ena bap ni milkat mathi valtar apavsho nhi ke public na tex mathi",0
Ae je pan police vado hoy aene kahi tu amara texsh na paisa mathi taro pagar thai aek var nahi sadi satar var tu amaro nokar khakhi vardi paheri ne tane rof jadva nokari ma nathi rakhiyo loko ni raksha karva mate rakhiyo chhe samji leje,0
Gujrat ni asanti karay didhi gerh mantri sahab pathar mayro tame aatlu moto aeksan lidho aava to muslman ne jay siri ram na nara bolavi ne mari nakho cho hindu loko tayare police kem aeksan nathi leti bo galat karo cho,0
Chalo ame modi ne j joy ne besi Raye ane ena jeva bava bani Jaye su che aa dibet  ma  kem atla paper futiya evu ronakbhai Kem nai puch ta ane je thay che to fariyad Kone kariye modi ne ke pachi bhupa ne koi to samdu nathi,0
Aa sadhu am kye chhe k aame pan sankar ne padhravya chhe aare bhai bdha no bap sankar chhe tame to prasadi pan paisa joine aapo chho jamvama pan alag alag rakho chho vip vvip ane pachha dekara karochho,0
"Sadhu maraj tame bhagvat vachiyu hoy ne samjya ho to  kaho ke swaminarayan sanrday kem kahevano bolo jo na janta na ho to tame swaminarayn virodh karta nathi tame kusnabhagavan virodh karo chho a virodh na guna mathi bach vu hoy to bhagvat vachi ne samjo swaminarayan sampraday odhav sampraday kem keva chhe atlu samaji Jason to tame kyarey swaminaran kon chhe tamra khopda samjase bhagavt nahi sajay to tame ava bakhada karta raheso ama mane tari vato mathi atlu samjay chhe ke sampray padto chhe tene tame nicho padva sivay biju kai nathi karta a mathi tamone bach vu hoy to tapaso bhagavt mathi swaminarayan sampraday odhav sampraday kem kahevay jo tame bhagavat samaji jajo ava bakheda kyare nahi karo
.",0
"Gopalbhai bas karo.....gujarat Maa congress pachi bijo koi chor nathi joytau...AAP party ni bas ni vaat nathi .....kyay dur  dur koi b party ni competition Maa aa kejriwal anae tenaa maratiyao nathi aavaanaa,  nathi dekhavaanaa,  aa samji liyo,  tau tannae gyan thaase ke tamae fakt tamaaro time bagadi rahiyaa cho",0
"Je police pcr ma aavya ene suspend na karva joi e , video ma seen che , same badha hathiyar lae ubha che ,ane  e Loko 4 j che ane hathiyar vagar ,to thodu seen joi ne pachad pn hatvu pade , Loko ne vaato karta aavde che but ek vaar potane e jagya pr imagine karo to smj aave",0
"Tamara bape beshadiya chhe Hanuman dadane ato Swaminarayan bhagavane beshadiya chhe tamane shi khabar Swaminarayan kon hata abhan manasho temana book vacho pachhi kaho.
Swaminarayan bhagat thavu koe Nani vat nathi.
Pela bavao dhog Karine lokone chhetare chhe amane pakadone teo gajapive chhe darupeve chhe Kaya shastarama kahiyu chhe ke hoka piva te sanatan dharamama nathi avatu Ane Masha khavo chho paraniyoni Bali chadhave chhe temane pakado.",1
"Lakhyu ane khud ne j khbr nathi bas lakhi nakhyu ne manso puje che avav ne
Sache to apde ramayan bhgvad gita sivpuran visnupuran vachvu joye apde 
aloko na bhgvan sacha 
but bap e bap j rey brahma vishnu mahesh ni jay ho e j bap ne ma bhgvati mata",0
"Ela bhai mara gaam loyej mathi aa bhai ne gnan thayu amara santo dwara ane tamne khabar na hoy to kav amara jilla junagadh ma raheta narsih maheta ji ye ghani vaat dwarkadhis ne rubaru bolavya ane ek sant jemnu naam dasi jivan saheb emne to 11 var emna jivan ma bolavya dwarka dhis ne to pan e loko sant tarike odkhay che sqami tarike nai ko sant ne swami narayan kaheva thi ee kaai bhagvan nathi bani jata ee to je emne maane che emno bhaav che... Badha potan na guru ne bhagvan j samje che....

Sastro banavnaar pan eej, emne vanch naar pan eej...",0
"E bhai morari bapu ne kai kevani jarur nathi potana santo nu dhyan rakho kon kevu chhe pachhi bija ne kyo kodav potanu jovo 
Pote jane buddhi sadi na dikrav hoi em bole chhe



Jay shree raam 
Mahadev har
Jay morari bapu",0
Ela ma chodamna gaydha pikina tedini rate no video che a pikina mara dikra mara dikra krin TRP leva mangas tara jeva nthi jata aa desh mathi pikina tedini rate no video hoi to btav ne agav thi koi ne kay leva deva nthi,1
Emna takla kale udhine kehse ke amara bapa to ram kal pan hata ram ne emne j ashirvad apya ta ke ravan ne mar pachi krushna kal ma pan hata bapa e krushna ne ashirvad apyata üòÇüòÇüòÇ ek vat kahu tamara aa duplicate bhahwan ne tame game tetlo marketing karso pan e bhagwan ni sreni ma nai ave,0
Rupala ne puso Tari pase se akey avo puravo k jya satriya koy ni same nama avo ne Kay pan ava prakar na vehvar kara johar kari ne pota ne tyag kari didho se matha vadhi nakha matha dey ne Jo a palya thy ne punjay se gamo game pan koy ne nama nathi ane Hindu tva dharma basavo hoy to a satriya e nakar atyre masid ma mola padhta hot akha desh. Ma jo satriya na hot to abhar mano satriya no jene hindutva Sanatan dharm basavo se,0
"Lok sahi che to takla amara bhagavan ne seva karta batavo ae kya kayda ma lakhyu che ke bija na bhagvan ne tamara bhagvan ni seva karta hoy aevu lakhyu che
Tamari jat na takla maru
Jo mara hath ma avi gaya to tamara takla fodi nakhis",1
Are dharm na rachyita o ek vaat to samjo k maro krishn kaniyo joto hase to aene dukh thatu hase Kem k mara kana na harday ma shivji vase che aene shivji na hraday ma maro krishn kanayo vase che mate  aa dharm na name dhating bandh karo ne tame Santo cho sharam aavvi joiae kaik aam ladta jagdta sant aene kahvay k jene koi Thi kai fer na pade pramuk swami gopalanand swami ni hu books vanchu chu apurvswami na pravachn sambhdu chu satsree swami na prawachn sambhdu chu hu morari bapu ni katha Pan sambhdu chu tame Santo jo aavdi nani moti vadvivado ma raho to saru na kevay ame bhale sansari rahya Pan aa badhu joi maro kano Pan dukhi thato hase kem k bolai gyu to bolai gyu pachu nathi aavanu thodik sarm baki hoy to aava jagda bandh karo chokra aavnari pedhi shu sikhse aavu j aena karta to sansari sara,0
"Modi na natak chalu  .bhay aa sayaran  vage to kai surakshit jagya ae java nu  eto kyo ...

Corona ma thaliyu vagadi have aa nava natak chalu .modi sarkar aam janta ni raksha karvama pure puri nishfal gay chhe .  mumbai upar aatankvadi humalo thayo tyare aaj modi sarkare jete govt no vak chhe tem kahyu hatu to pachhi aato aapana bharat no sauthi sensitive area chhe tya ek pan prakar ni security hatij nay .aa aapani govt ni bhul chhe je te loko ae svikar vu joye .hu to modi ni param bhakt hati  pan jem jem news ma aave ke aapana gujarat ma aatala bangladeshi loko  pakadaya ,aatala pakistani loko pakadaya ae bhi chhela 20-30 years thi aapana gujarat ma vasavat karta hata to pachhi gujarat ma to ghana varso thi bjp ni govt chhe . vali pachhu pachhu  pakistan mathi ketali chhokariyu ahi marrage kari ne aavi chhe ane ha nana balako ne teni mata thi alag karva thi su fayado pahele thi kayado banavo joye ne ke bhay pakistani chhokari ke chhokara  sathe marreage karva nahi .aato potani bhul chhupava bijana parivar vikhi rahya chhe .huto modi bhakt hati ane rahis  pan kaikto khotu thayu chhe je bolvu jaruri pan chhe .",0
Aapda thi kain na thay e loko jon kare che tame arji karo ane case karo but aa maramari par utarvanu koi solution nathi pachi dand e bharvo pade and jail ni hawa pan khavi pade. Jene problem hoy e meter use j na kare ke kadhi nakhwani arji kare to pan meter thi kain khas fark pade nai .,0
Yese log    p m ban jaye tho  keya keya kar sakte hai jara socho    or hamare desh ke  p m shree modi keya kahe te hai ke hu tamara jevoj samanvay manas chu mane desh sambhaal vani jawaab dari mali che   tho desh sari rite chalavi saku ye mari faraj che  baki hu tamaro paradhan sevak ja chu   ‚ù§ jo janin se juda rahega  wahi  aage jayega   ye bhai ne abhimaan aavi gayu che   batt khatam,0
Atla varso sadhu santo kaya gaya hata  hindu samaj ma andro andar kajiyo karave chhe amuk santo fiosifi kare chhe to jav ne tevda hoito musal ma pase le jehad nu karo ne and ro andar bajo chho sadhu matho vara e samajik ma kai seava api chhe tyare swaminarayan santo eseva napi chhiy,0
"Chalo samjya k 80 ni limit hati to bhi tathya patel 120 k 130 speed a jato to, but loko ni bhi etlij bhul che jetli tathya ni che , kem k sg highway iskon jevi jagya jya aavi moghi gaadiyo jhadape jati hoy to loko na evi rite vacche na ubhu thavay, ane tyaa street light nathi ekle jetla sudhi tathya loko na joto tyaar sudhi bau modu thai gayu tu, baaki om shanti üôè",0
aa badha polish vada ne case karoo 12 vage leva gai too a kayo kaydo che polish job karti hoy to amne b khabar hovi joiye 12 vage leva javay  polish pan aaropi kevay rate 12 vage leva gai  .....,0
"Paholo thyne bhasn aapta pela vicharyu ny ke kone sli kre?amne khbr chhe ke tme vifri gya,tmne koi kevavalu  j  nthi lagta.ghdo bhray rhyo chhe..",0
"Aa Government no order che aa bicharao ne upar thi order hoy etle mjburi ma krvu pdtu hoy che 
Aavi rite karmchari pr haath na upaaday aa khotu che ekdm khotu che
Aa bhai ne etli j garmi hoy to kacheri ma jai ne neta o upar aavu behave kri aape to vandho nai

Baaki aavi rite nirdosho upar haath upadi ne hlko thaay che e khotu j che


Aane saja thava joie",0
"Ramchandra ji keh gaye gaye siya se Asa kalyug ayega hans chugega dana tunka koa moti khayega.
Sacha hasla hase a udi jase ne bagla bhagat hase e avi ne besvana. A kalyul ni vani che je stya thay .dharm premi loko a bahu samji vichari ne koi ne guru karva .sacha sant hoy ane j maan apo bija kalnemio thi savdhan.",0
"Gem zon ma seftina sathno hova joea aena krta 4 gna hot ane Ronak patel gem zon ma aag lagi tyare  hajar hot to shu  dha ne  bchavi shkt?
   10 minit ma aakha gem zon ma aag Prsri ge hti......vicharo",0
"Chodinao Aa charcha karvani che? Muddao par charcha karo ne, And modi ni gand ma jor hoy to e pan jaay rixavadao na ghare bhojan karva, kone rokya? Ane pela advertisement vada dofa ne kaye 20 crores to aa loko e 2 mahina ma kharchya, modi na phota mate 2 divas maj 20 crores kharchai jay che‚Ä¶ BJP na chutiya loko ne bolta sharam nahi avti?",1
"Chodinao Aa charcha karvani che? Muddao par charcha karo ne, And modi ni gand ma jor hoy to e pan jaay rixavadao na ghare bhojan karva, kone rokya? Ane pela advertisement vada dofa ne kaye 20 crores to aa loko e 2 mahina ma kharchya, modi na phota mate 2 divas maj 20 crores kharchai jay che‚Ä¶ BJP na chutiya loko ne bolta sharam nahi avti?",1
"Ronak bhai mane ek sawal no jawab api dyo.... Jyare bija sampradaay na loko evu bole che ke ""olo swaminarayanio che"" ... Jyare avi rite swaminarayan bhagwan ne gaado api ne bole che tyare tame kya hov cho? Manyu ke shiv bhakto ni feelings ne hurt thyu pan aa granth ma ek pan bhagwan ne apshabdo boline apman nthi kryu jevu bija loko kre che.... Thodi samji vichari ne reporting kro sahebüò°üò°üò°üò°üò°üò°",0
bhai mitro aa to tamne evu laage chhe ke aa lokshahi chhe pan have swikarta shikho ke aa sarmukhtyar sahi chhhe.... ketlaak murakh lokoye aapela vote ne kaarne aapna khissa legaly kapaai rahya chhe,0
"AA  CASE   JE  KOEE  XYZ  LADSHE  E  PAAPEE  ANE  KUDRAT  
NA  KAYADA   MUJAB  AA  SHAITAANEE  KROORTA  NA  BACHAAV  NA  GHOR  APARADHEE  THARSHE  !  AAMA  BHAGIDAAR  SAU  ISHWER  NA  DARBAAR  MA  AANATHEE  PAN  BHAYANKER  KAMOT  NEE  SAJAA  BHOGAVSHE  ! 
  AASHA  LESH MAATRA  NATHEE  ,  TOYE JEEVTO  JEEV  TO  KAHESHE  J  KE   A  INSAAN  HOY  TO  9  JANAM  SUDHEE  KROOR  MOT  NEE  SAJAA  POTANA  MODHHE , MAATHE  CHADAAVE  !  
  AHIN  TO  CHHODAVI  LEVAANU  SHOORATAN  BATAVAAY  CHHE  !!!!!!!!!  KOEE  BHAVE  NAHIN  CHHUTAAY  !",1
ek ben aawe kahe hu jens nu mothu nathi joti bijo sathdhu aawe hu ledia nu mothu nathi joto aa shu se bhai jene 5 indri kabuma hoye to gametem jovo narsih maheta . jalaram bapa goro kumbhar sati savitri ganga sati aabato bathanu moyhu jota hata to pan bhagvan pasand thaya sri krisna malya ...!,0
Tamne CM keta sharam ave che saheb akha desh ma potani ane Gujarat ni izzat ni dhajjiyaan udavi nakhi tame to modi saheb jetlu karine gaya hata aenathi 100 ganu pachal lai gaya tame Gujarat ne have pote j kursi chhodo to saru kevay...,1
"Swaminarayan sampradday na hmna khub j kissa aave se 
Koi gam ma thi koi ni dikri ne parni gayu bairi sathe bhagi gayu
Kale kok krishna bhagvan ne bhagvaan nthi manto em bole se 
Swami pehla potana loko ne sudharo bija aapo aap sudhri jase 
Om",1
"Aek hathe taali naa pade .
Nine year pahela kam fariyad naa lakhavi ?
Fariyad lakhava no time hoy chhe k nahi ?
Sha mate lampat mahila ae vidiyo utarya ?
Main Crimer mahila j chhe .
Sha mate nine year suthi sahan karyu ?
Khoti fariyad chhe .
Ok
JSN.",0
"Bhai to potani faraz kari rahyo hato thappad maray üò° aato aa bhai sant rahyo baki to farij waday marto koy ni pan na khavay aa bhai kai aena garthi meeter nathi layvo aene office thi suchna mujab kam kare tamne prob hoy to office jao aavi rite koine maray thodi 
Bhai pgvcl na line staff ne kau chu bhai aanu meeter kadhi lai aa bhai ni uper fir karo aa bhai ne koi pan halat ma metter malvu joine niü§¨ü§¨",0
"Maryada Purushottam Bhagvan Shri Ram na Sevak eva Kasht bhanjan Dev Shri Hanuman Dada ni aad ma Purn Purushottam Bhagvan nu J halkato apmaan kari rahya che emne nathi khabar k Bhagvan Shri Ram, Hanumaan Dada k Svayam Purn Puruahottam Bhagvan Swaminarayan aa sankhi nahi le. Aa Adhyatmik vat ma jene Shastr nu gahan gyan hoy eva loko bole ee barabar che, baki faltu comments apvi nau baki Thakor ji nu apmaan J karse aeno Thakor ji kul sahit vinaash j karse..
Kashtbhanjan dev ni jai
Jai Shree Ram
Jai Swaminarayan.",0
saheb  tame pan tamara rotla seko chho .. bolvanu hoy tyare bolta nathi....baki public badhuj jane chhe. ...su? jarur chhe juno video muki ne . public ne  sukam uskero chho ....tamare bolvuj chhe to saru bolene..sara mudda par bolo ne .... makhi jeva na thav  aakhu sharir muki ne gumda uper bese..virodh thay tevu na bolvu joye.....jay hind jay bharat,0
"Sachu Bolo To Aamaj Thay , Mansukh Bhai Ek Dum Sachu bole che, Je Loko ne Andhvishwas Mathi Baar Kadhva mage che , Pan Mane Mansukh Bhai Ni Vaat Ek Dum Sachi lagi",0
Sir vidharmi na kaheway...kemke tame bhi koi sadharmi nhi ...pulwama aattak karavnaro sadharmi samaj no 6e......ae to khabar6e....aemne je karyu e khotu karyu pan aena chalte tame aakaha samaj ne kharab ganao e yogy nathi evu tot amara smaj na loko pan birthday ma talwaro laine fare 6e...tyare tame sadharmi shu karta hov 6o...ae bhi dhyan rakho...üòÇ,0
"Ghare ghare bhuva fati nikdya che sala o mataji na naame daru pise sigrate pise alya sanatan sanskriti su che khabr che ved,upnisad,bhramma sutras, geeta,ramayan,mahabharat ane vacho ane anu saro potana ist par vishvas rakho jivan ma karm j badhu che sara karmo karie to bhagvanne pan apvu pade aa ganda naya dhoya vagar na pira pira daat vara bhuva su kari levana su gappa mare che yar had thai ajthi 100 varas pela urti atli andh shaddha nati jetli aje che",0
"Bahu vidio na banavo
Swamnarcay matr hindu  bhagwan ne  gaal aapnaar halka sadhu 
Have hindu e kasm.lidhi se sathe 
Mali ne aa swm nry je bhagwan galo aape se..tena mandir ma ek rupis daan na karisu na bhojan sala ke dharmsala me kyare pag mukisu ne koi swaminarayn ni naam ni  koi pan prodt na kharidi su na ena naam ni dukan ma koi hindu pag mukse hindu potana bhagwan ni sogandh lidhi se 
Boycot darek swmnry",0
Salkanpur to k hamara swami tya pela bhoot utarna ma famous hatu to pan ghus mari. Have hamara bapa ne adphet ma lidha swami tame bhulta nai hame lohana che dada jasraj na vansaj waagh bansuri ne to badha maachde chadi jaso ne maro baap kalyan bajri na rotla khavdavto ne e a kishan pela pachi nai,0
Hve tare rupiya joiye etle 8 yrs pachhi jagi..su leva koi ne badnaam kre chhe? Tare complain tyare j krvi joiye ne ..jyare  first time taro rape kryo hoy..,0
Atar sudhi aa ladies su karti ti ? Atar sudhi jalsa karvana Sara lagta ta ?16 mahina  pachi kes karyo Swami par enu Karan su  ? 16 varsh jalsa Kari aane pachi fasave che    jo   k.  Swamine bhi kadak saja thavi joiye k biji chokri sathe aavu na thai.  Aane. Chokri ne bhi khash saja thavi joiye ken k 16 varsh jalsa Kari ne police kes karyo che. Tenu. Rahasya su che. ?  Kem. 16. Vars pachi police kesh karyo. Atar sudhi Kem nahi. ?,0
Lockdawn thi kai nai thatu to su leva gaya varsh lagadyu haal jetla cash che ena karta ocha cash ma gya varse tame loko e lockdawn lagadi nakhyu hatu ane garib manso ni vaat to tame javaj do haal je garib che e madhyam varg vara che garibone to tame marinakhya. Kisano ne marinakhya nokrivaraoni nokri khaigya,1
gaddar tukde tukde gang member no MLA  kya mari gayo ? kem fakt upper kast vs Dalit j karavu chhe ? jyare peaceful kom ni vaat aave chhe tyare  kem fati jaay chhe ?,0
"Thay a kari lejo mafi nai magiye nikdi padya Cho mafi mago
Morari bapu Ami Ram Katha ma Ali mola Ali mola kare che Ane mafi mangavo
Amaro Swaminarayan bhagvan Satya che je bolo Cho a bava nathi tame dhongi cho",0
"Sir ine chhodnaa nahi chaye saudi arab jese kanun ki saja honichaye inke waja se hamaari kom ko badha naam kiya jaaraha hai inke jo sapotar hai une bhi saja honi chaye 
Maar dal naa chaye aese logo ko jo khopha aur deshat felarahe hai desha mai",0
Ha police avu j kare chhe jamnagar mahila police pan avu j kare chhe same vara thi paysa khayne jem man pade em bole chhe Ane ame husband ni camplin Kari to em kiye chhe tame Bano tame potani rite bija sathe relasanship ma raho avi sala ape Ane k tame amne puchhi lagan Karo chho Mane tamro theko lidho chhe avu avu kiye chhe atle gujrat police vise karyvahi karo,0
aa vikas bapu ne apshabdo bav aavde che...swaminarayn bhagwan  game teva virodh ma pn sthir ane shant hata e bhuli gya lage che..hali mawai ane bija abhadra shabda no upyog kari ne tilak ni garima nu khandan kre che..ek vat avashya janavi dav ke shiv ne rakho baju ma evu kem bolya aap? jo shiv ne tame padhravya hoy to aa shabdo na hoy tamara...shiv sanatan dharma na j che ..jo shiv ne tame side ma rakhvanu keta hoy to hindu dharma ma tame aavo j nai..su khali public ne attract krva j Shiv ni pratishta kro cho????? aapo jawab aano to khara kv,0
"....... police wala ni FIR uper thi spast thay chchey k ek police walo dar roz na 30000 rupiya thi to ghanabadha vadharey ""HAFTA"" ni KATKI karto j hasheey ....... havey vicharo ......... ketla aava bhrastachari ""tholiyao"" chchey aapda gujarat ma.... ?? ... emno kul divas no bhrashtachar ketla rupiya no thay ...??.... aney ... mahiney kul ketla rupiya ughravata hashey ... ?? .... aney ... e rupiya to chchek ""UPER SUDHI"" JATA J HOY CHCHEY ..... to aa sarkar ma kona kona hissa ma aamathi ketla ketla ruipiya jaay chchey ......???? ............ aney .... RONAK BHAI ... aa SUART thi eklo HARSH SANGHVI j nahi fekuda ma , pun ""EX-BUTLEGAR"" BHAU pun aavey chchey e kem na bolya ...???? ....... darrrta to nathi ney bhai ...??? ..........",0
"Reva dene . Morari bapu  ram katha  karte karte namaz pade  ane masidma jai kabar ni pooja kare  tyare  tamaro sanatan dharm kyan gayoto .  
Hanumanji maharaj   be hath jodine swaminarayan bhagwanana mata pitane namaskar kare chhe  ema tamne sanatanio ne su vandho padio bhailao. Ee to ena potana istadevna  na mata pita ne pranam kari rahya  chhe  . Ato ek vivek ane vadilono adar chhe.  Hanumanji  jyare sree lanka sita mayani sodhma gaya  tyare pratham ravan ne malva gaya  . Ravan ne  sinhasan uppar bethelo joi hanumanji tene be hath jodi namaskar karya ane bolya lankeswarko mera pranam . To  ato ek bharatya  parampara chhe. Sahune adar apvo  ej vivek chhe  to ee to Hanumanji kari rahya chhe  . To ema tamne  sanatanione su vandho  padiyo.  Tamara gharma tamme  su karo chho eni upadhi swaminarayan sampraday vara kai  nathi karta to pachhi  tamne su problem thayo chhe  . 
Jay shree swaminarayan.",0
italiya baybrojgar ko pucho shishmahal may vibhav gunda nay swati mali val ko peeta tab a kyu chup tha swati ka bad duva laga to kayjri road per aa gaya kayjri b chup tha,0
"Vhala Swaminarayan Sampraday na sarve bhakto,

Morari Bapu na anuyayi atyarna bahu j bhayankar pravrutti chalavi rahya chhe. Tame joi ne em pan kahi shakso ke aa vyaktio (Morari Bapu na anuyayio) khud Morari Bapu e chadavya che Swaminarayan Sampraday vise kharab vaato felava mate. Facebook, YouTube ane blog site dwara SanatanDharmaWay ane Riya Patel jeva Morari Bapu na anuyayio loko ne sikhaman deta jay che ke ame Sanatan Hindu Dharma na raksha karnara chhie ane Swaminarayan Sampraday Hindu dharma j nathi evi vaato kari me loko me ullu banave chhe. Jaat jaat na post video picture muki ne aavi vaato felave chhe to have sahu bhakto ne namra vinanti ke sarve ne aa jan karavi ke SanatanDharmaWay ane Riya Patel thi savdhan. Jai Shri Swaminarayan.",0
"Vhala Swaminarayan Sampraday na sarve bhakto,

Morari Bapu na anuyayi atyarna bahu j bhayankar pravrutti chalavi rahya chhe. Tame joi ne em pan kahi shakso ke aa vyaktio (Morari Bapu na anuyayio) khud Morari Bapu e chadavya che Swaminarayan Sampraday vise kharab vaato felava mate. Facebook, YouTube ane blog site dwara SanatanDharmaWay ane Riya Patel jeva Morari Bapu na anuyayio loko ne sikhaman deta jay che ke ame Sanatan Hindu Dharma na raksha karnara chhie ane Swaminarayan Sampraday Hindu dharma j nathi evi vaato kari me loko me ullu banave chhe. Jaat jaat na post video picture muki ne aavi vaato felave chhe to have sahu bhakto ne namra vinanti ke sarve ne aa jan karavi ke SanatanDharmaWay ane Riya Patel thi savdhan. Jai Shri Swaminarayan.",0
KEJRIVAL CHOR CHE ANE GARIBO NA DUSMAN CHE KARAN KE AAGALNA CONGRES HARAVI NEAAGAL AAVYA NE AAPNA BHARAT DESH NA RASTRPATI NE VOT NA AAPTAHOY AEVA NETAA RASTRA VIRODHI HOY ANE HOON PELA THI KETO AAVYO CHHU KE AA KEJRIVAL HINDU NATHI KEM KE AAMNE VIDESHI FANDING MALE CHHE. BHARAT DESH NE ANE DESHNA VADAPRADHAN SREE NARENDRABHAI MODIJI SAHEB NE NICHA DEKHAD VAANI KARAN KE DUNIYAMA MODIJI NI WAH WAH THAY CHE. ANE MARA AATMIYTATHI SUBHECHHA PATHAVUCHU MODIJI SAHEB NE ABHINANDAN PATHVUCHHU ANE MARA AATMIYTATHI GUJRATI CHHU MANE GARV CHHE.ANE MARA GUJRAT NA LOKLADILA SREE BHUPENDRABHAI PATEL DADA NE ABHINANDAN PATHVUCHHU ANE MARA GUJRAT NA TAMAM BJP KARYA KARTA NE HOON KAHEVA MANGU CHHU KE AA KEJRIVAL KRICHAN CHE ATLE PANJAB MA SARKAR BANAVI AETLE HOON KAHEVA MANGU CHHU KE AAPNE GUJRATI GUVANTI GUJRATI CHHIYE AAPNE BADHA GUJRATI ‡™Æ‡™Ç‡™§‡™®‡™æ BHAKTO CHHIYE. ANE MAHAADEVNA PUJA KARIAE CHHE.ROHITBHAI ABP ASMITA ABHINADAN AAPUCHHU ANE congratulations sahe HOON to MODIJI bhakt chhu.ane MODIJI TO GEERJANGAL NO SHINH ‡™õ‡´á. DHANYVAD  JAY JAY SREE GARVI GUJRAT BHARAT MATA KI JAY VANDE MATARAM JAY HIND RASTRAPREMI CHHU.MNE GARVSHE KAHO HAM HINDU HEN.THENKYU BHARAT MATA KI JAY VANDE MATARAM JAY SREE RAAM.,0
Are bhai aa Madre chod takla Jani joy ne vivad ubho kare che duniya ma famers khava mate aane chutiya ne dhare pet bharatu nathi atle bhikhara Ganda Thai Gaya che aane support karva Vara pan baraber paap na bhagidar che samjai tene Abhinandan na samjai ana kismat jay mahakal jay mataji,1
"Tamburani kaydesar karyavhi kari ske chhe???.... 
Kya kaydama lakhyu chhe k pura naam sathe Bhai na kahi sakay?? 
Hoddane maan hoy, 
Koi durupyog k dakhalgiri kari hoy to kaydesar Karo . Harishbhai. 
Harishbhai.... Tamaro tont alag chhe. 

Govt.. Servant chho.. Servantno mtlb damjta hso... 
Harishbhai a kidhu k kaydesar ma Pappa ne pn na chhoday. (Right) 
Mtlb... Pappa a pn Sir kevu pde. 

Narendra Modi Bhai to em kehta hata hata K Bhle Hu P. M.  chhu. 
Pn Mara Gujarati Bhai to em kahine bolavse K Narendrabhai.. Sambhlo... 

Harishbhai.... Bhai... Bhai.... Bhai.... Bhai... Bhai.... Bhai.. Bhai... Bhai... Bhai... Bhai.",0
"Ye behan ji sach bolbrahi he. Fariyad patrr diya..rubru bhi 2 baar gyi..or police aisi baat kare unke uperr bhi kes hona chhiye..to tum kya kaam karne ke liye dood lagaoge...
   Sab jagah isse bhi haalat khrab he..sachme ye khata bandh karke miltri ko 2 saal do tab ptta chlega kya kya kand kiye he...saramse sab zuk jaaoge asliyat ka ptaa chlega toüòä",0
Shu Uneducated Loko j aano virodh kare chhe ? Koi paan virodh Karan vagar nathi thato. Sarkaar ni zavabdaari hoi chhe praja ni sukhakari mate ni. Maherbani kari ne praja ni Satya vaat ujagar Karo. Bharat ni ane Media ni Aabru na dhajagara duniya jove chhe,0
Jalaram mandir ma roj hajaro loko free ma prasad lee che ne aavu 200 years thin chalu che swaminarayan mandir ma koi pan mandir ma ek var toh free ma jamado ee pn harajo loko ne aavi tamari okat che pela pchi jalaram bapa vise kaik boljo,0
aa machodamna taklaa na andhbhakto bhudhi chod che benchodmnav k aava takla ni vaato par trust kre che chutiyav and biji vaat e k aa taklaav benchomna ladies no facs no jove to tmari mummi nu su krso benchodmna taklaa na andhbakhto tmari mummy k ben dikri ni kai velue j nathi madarchodo taklaav na andhbhakto have to sudhro lowdaav and biji vaat e k aa taklaav swami pikinaav ne muko and tmara maa baap and mataji ni seva kro aa taklaav nai becoz tara mummy na lidhe j atyare aa duniya ma cho tme jadhinaav etle kaik samjo pikinaav swami na andhbhaktoü§¨ü§¨ü§¨,1
"Aa gundao ni gaan laal kari nakhi hashe police e üòÇ,  lukkha o ne mafat ma light vaparvi che, bosdinu bandi waadu paachu dadagiri kare che, ghar bahar pachi vip gaadi hoy,  desh ma aava lukkha hoy to ghanto desh aagad vadhe?  Chori upar thi sina zori,  üò†",1
"Koi seva beva mate nathi badha sala kaam chor chhe ane services na name sute sute pagar khay chhe ane kaam karava mate chai pani lai ne pan kaam nathu karata, jyare aag lage tyare kuvo khodava nikade ane 1 jnana kaam ma 10 jan bhega farata hoi chhatay kaam na thai ane office ma party kare,  chori karava vara chori kare ane socity ma koi thoda time mate bare gayu hoi to bill bharava ma modu thai to phone bon kai na kare ane chhedo kapi jai jyare ghare avie tyare khabar pade ke freej ma badhu sadi gayu, chhatay atalu karya pachhi jo solar ma tamari vadhare vidhyut utpaadan thayu hoi to e loko unit na 2 rupiya ape ane jo tamane 8 rs unit vehache,  ane pote pathani vyaaj khoro ni jem ugharani kare ane pote vadhare rupiya 2rs unit prama ne nikada ta hoi to varlse 1 vaar aape, badha 60000 ane 100000  pagar khai khai ne kaam chori kare ane nana manas ne dada giri kare ane chor, gunda same jai nai",1
gopal italiyua kahe etale koi vyakti gundo thai gayo ? bhajapa no lukkho thai gayo ? shun khatari nathi ke gopal italiya ane eni party e te riksha chalak ne dhak dhamaki aapine nahi bolavyo hoy ?,0
Nautamya bhosdina  tane sadhu na kahevay. Tu to bavo chhu. Sala takala. Swaminarayan ek sant hata. Ena jewa ketalay santo aa desh mo thaya ane hal chhe. Hanumanji dada to tara Swaminarayan  na bap na bap chhe . Sala papi mo sambhali ne bol. Gand par gada padshe to badha ladwa nikali jashe. Sarwopari bhagwan shree Krishna chhe  pachhi koi bhagwan prgatya nathi. Badha sant peda thaya chhe. To chutiya taru mo bandh rakh. Tame badha narak mo jawana chho.,1
"Khali helmet naa kayda lai ne common and gareeb manaso jode thi paisa ughrave che... harsh sanghavi ma kai dum nathi, modi saheb ne ko kok bija ne laavo strong leader joiye.",0
Shanker bhagvane zer pidhu ane teo nilkanth kehvana teto barabar chhe. Parantu tamo nilkathvarni ne maate je bolya te jota janay chhe ke tame vyaspeeth par katha karva beso chho tyare shue bhaang peene beso chho.,0
156 sheet api ne teno vedh badhay e sahan karvu padse j. Gruh mantri e kyarey kanuni khof raju karyo nathi. Etle gunda o ni tanasahi charam sima e pahochyo chhe,0
"Bapu Pela Ali Molani Dhun gavanu bandh karine Vidharmiyoye Krishna Bhagwanne Murti JAMA Masjidni Sidima. Dati chhe,Jena par Vidharmiyo Jayam pag de chhe,kayam Sanataniyone woman kare chhe te Bandh karavo ,,Andaro andar badhine tamari Okat na dekhado,,,tamne Duniya Olakhi gay chhe",0
"koi pan sadhu sant ke rushi munio ni ishwar pratye ni bhakti ane enaathi madati krupa no upyog e aapana sanaatan dharam na juna itihaas ma rakshashi jaati thi athva biji koi pan manuya jaathi swayam ni raksha maate bataavava ma aavi chhe 
manushyaye pan swamam ishwar ni bhakti kari shakti medavavaani hoy chhe ane e baba ,sadhu sant ke rushi muni ni raksha ke adar satkaar karavaano hoy chhe , nahi ke aava baba sadhu sant rushi muni paase kai k maangvanu ke mari aa samasya ke te samasya upaay karo 
sadhu santo ne to mandir ,ashram vagere dharmik sthano ni swachchhata ane ene laage vadagati koi system sachavava maate raakhavaa na hoy chhe ane aapane ishwar ni j bhakti thi shakti medavavaa ni hoy chhe
aava babao ke sadhu santo aapan ne ishwar ke temani krupa bataavase? aapane to emano khaali adar satkaar ane khaavapivanu ane vastra paani ke rahethaan ane ekaant puru paadi aapavaanu hoy chhe bas
nahi ke emani paase koi yaachanaa karavani hoy
aapade sansaarikoe emano aadar satkaar ne emani sadu jivan jivava maate ni khaali jarooriyaato puri paadavaa no dharm chhe nahi ke ane ena badalaama emani paase je mantra shakti o hoy chhe te aapade medavavaa no haq hoy chhe 
nahi ke e shakti o no upyog aapani upar bharamit kari ne murkh banaava maate 
ane e loko thodak samay maate  bhoot kaadhe chhe ke pesaade chhe eni pan su khaatari chhe? chhe koi enu pramaan ? dhoonavaathi bhoot pret jaay chhe ke aave chhe tenu su pramaan?
thosh pramaan vagar kyaarey koi ne maanava nahi ,emaay thos etake le majboot je scientific rite siddh thai sake, eva pramaan ke bhramak(je pratyaksh na hoy jetva) pramaan na chaale,  
Jay Shri Krishnaüôè",0
"Aama police su kare Police vada mare to Aapdi hige court ne pet ma dudhe che ke Aatla masoom ne tame danda vade kevi rite mari sako ane pachi police vada o ne saja thay che Kheda and junagadh na case ma joi lo 
Aavu thay tyare Te judge saheb ne tya mokli devana khabar pade temne pan",0
Barobar se police ne aeno bap made aetale sadi dhili thay jay se baeo bar se aene hare pan aavu thay to aeney khabar pade ke aam janta hare police je vartan kare se to janta ne ketali taklif thay se,0
"Kem aaje Ronak Bhai ma utsah no abhav dekhay chhe ! , Bav bhare man e muddo uthavvo padto hoy evu lagi rahyu chhe !? 

""HU TO BOLISH"" mathi 'hu to boshish'  e pan mand mand ? 

Khali Batavva kharar aa banayu chhe koi keh na ke kem na batai news m karine clear dekhay chhe have.... kai dignity jevu rakho yarr üôèüèª",0
Aama shavami pase paisa no toad biju kasu nathi 2 thi 3 khohka no toad aasani thi aama toh haju mota mota matha hase samil shavami lo fasavine shami no tod kari ghar bharvama,0
Atala varso ka sui geyali ben .hakikat ma bhul koni che e bhagvna jane pan atala varso pachi tari ankh khuli matlab tu natak kare che .bija Bhai e kahyu che m gift api tya sudhi saru lagyu have faiyad jare che tu .saram to tane Ava joye swamji e Kai karyu hase k nai karyu hase pan gungar tu bi che agal varso pachi tu faiyad karva avi k pachi Kai moti gift joye etale seamjini fasave che tu.,0
"NARENDRA PATEL,AAMARE TILA KARVA KE TAPKA,TEVU TAMNE PUCHHVANU NATHI,,,,,,,,,AAMRI VYAKTIGAT BABAT CHHE?,,,TAMNE KONE PUCHHU?,,,BAHU SHOKH HOI TO TAMARA BAPUNE SAMJAO EK JE AAKHI DUBIYANO BAP CHHE TENA VISHE BOLTA KAYIK VICHARVU PADE,,JOKE HAVE E FARI HIMAT KE VIKRUT, KE GHAMAND FARI NAHIJ KARE,,JO EMNE FARI KHUJLI UPDE TO EK VAR.  ISLAM VISHE BOLI BATAVE,,PACHHI JUVO MAJA,,,,KUVANA DEDKAO",0
"Pahelgaam ma 10 ‚Äê15 lokoye jiv gumaviyo . Hve  ladai thase to ketla loko  marse teno ankado chhe kai ,  bhai . 
Matte  battle ni su jarur chhe , bhai . Santithi
 jivone.",0
B   j    p    sarkar    na    vasetiya   neta    pase    kem   jata    nathi    khanij    chori    vada    neta    pase    kem   nathi   jata   bogas   digri   vada   no   mudo    kem   jaher   karta   nathi    midiya    kisano    na   muda    kem   kaheta    nathi   B   j    p    sarkare   vayda    pyra    na   kariya   feku    ne   des    mathi   hatavo   jay    kisan   des   . Mate    jay   kejarival,0
Vakil potanu kam kare che aema koi nirday ke kasu aevu aapde vakil ne na boli sakye kem ae aemna profession ne ley ne utrya che nisan bhai bov sara vakil che‚ù§Ô∏è,0
"Kaekrvanijroornthi
Bapdadani
Tlvvaronehve
Katkadhotosaru
Tmonekhbrnhihoy
Pn
Pavyaonu
Anetklavnu
Bandharh
Aekjchhe
Mtlb
Aapavaeyakulnajchhe
Marivatno
Visvasno
Aavtohoyto
Tklama
Undautrno",0
Election ma joe laesu hve...kon Yuvrajsinh ...aa badho ghamand utari jse....BJP vala no,0
"PELAVIVAD UBHO KARE TENE PUCHHO,  AAMARW KONE AABHISHEK KARVO E AMARI VYAKTIGAT VAT CHHW,,,  MORARIDASNE KOINA BHAGWANNU KHANDAN KARVANO ADHIKAR NATHI,,,KUVANA DEDKANI YADI AAPAVI TENE AAVO VIVAD UBHO KARINE,ANE TENE AAMA TEKO KARTA BADHA KUVANA DEDKAJ CHHE,,,JO TAMARA BAPUNE AAVU BOLVANI VARAMVARNI TEV CHHE,TO PACHHI EK VAR IALAM VISHE KYONE BOLI BARAVE,  PAN NAHI KARE AAVI BHUL,,AATO EK SHANT ,KOINE NADTAR NA KARTA EK HINDUSAMPRADAY VIAHE BOLVANI VIKRUTI BAPUMA AAVI GAY CHHE ANE AMUK CHELKA THEKDA MARE CHHE,,,,,TAMARA BAPUTAMNE MUBARAK PAN KOINE KADI AANGLI KARVANU BHULI JAJO,,,AA VAKHE BADHANA BAAP PAR GHA KARINE MOTO MURKHAMI KARI CHHE,,,JAYNILKANTH VARNI SHRI SWAMI NARAYAN BHAGWAN,JAY NULKANTH MAHADEV,JAY SHRI RAM,JAY SHRI HARI KRISHNA",0
Aa kharekha khotu che hanumaji dada to ramayan kaal thi ajra amar che ane aa fakt  200 waras juno sawami narayan someday mahavir Hanuman ji Maharaj ne aed daas aek nokar tarike samjvava mange che aa svami loko dharm na name dhating j kareche,0
Kejarval ko.main ek sawal puchna chata hun Aajtak dilhi main apne kya kya kiya hai or duara sawal ye jab main kuch mahent karunga to muje roj gar to mile gaa naa kisee koi mahent karni nai hai sabko free main khana hai  ye gujart hai freee kabhi nai khata mahent che khata hai samje,0
"CAN ANYONE ANSWER ?
‚Ä¢ Ben Tame 14 varsh na cho tyare Ratre Mandire jao cho tyare Tamara Papa/Gharma koine vat na kari ?
‚Ä¢ Evi vastu thai hoy to 14-15 varsh ni chokari ma purti akkal hoy Ane Tame Mandbudhhi na pan nathi to tame thai gya baad pan koine vat na kari ?
‚Ä¢ 9 varsh baad tame fariyad karo cho etle PROOOF to tame kay aapvana nathi right ?
‚Ä¢ Ane 9 varsh sudhi tame kay bolya nathi etle ketlo FUND bhego karyo che tame ?",0
Bapu aatla mota vakta thaine koii sampradaine samjya vina kaii statement aape a bahuj dukhni vat che swaminarayan sampraday vise aap jano Cho su ?? Swaminarayan bhagwan ne aa samajne su aapyu che a tamne khabar pan che ?? Aap vaidik sampradai ni   ne niyamone sare aap Todo Cho ane potana anuyayione avu karva prero Cho smasanma jaine vivah jeva pavitra karyane tame karavo Cho ane bhagwan swaminarayan vise vagar samjye statement aapo Cho ?? Bapu swaminarayan sampradayana anuyayiona dilne tame thes pohchadi che,0
DINESHBHAI KUSHWAAHA..TAME JE PRAKAARE POLICE NO BACHAAV KARO CHHO TE TO VIDEO MA DEKHAAY CHHE. ANE JE GUNEHGAARO PAR KETLA GUNAAH GANAAVYA TE PRAMAANE TEO AATLA BEFAAM KEM CHHE?,0
Are Ahi to aapne Bhagavan ne Tu Kai ne bolavia che Mummy ne tu kahine bolavia che kem k aapni vadhari najik hoi bakwas depyuty collector kam ma dyan aapo Tamara Bhai j kidhu che ne koi kharab word thodo use karyo che and aapna Desh ma to normaly nam pacchad Bhai Ben lage shu certificate ma pan Hareshbhai j che k pachi Haresh sir,0
"Morariye Krishna Bhagwannu Ghor Apman karelu,to tenu Dhotiyu Kyare kadhvano chhe,Dofa tu? Brahmno Dikro hoy evu Lagtu Nathi pan Lotmago hoy evu Lage chhe?",0
Vaah saheb dhoi nakhya ho baaki maza aai peli vakhat evu lagyu k khare khar bjp no maatlu bharai gayu che bhai koi fodva vaadu aavyu saheb Mu 15 varas thi voting nathi karto pan aa vakhte 100 taka maaro vote saalu aam Aadmi party ne boss .... Tame niti thi ladjo sir mu bi maari rite koshish karish k jetla bane etla vote tamara ma laavish maalik ... Niyat che sir bus aaj bharoso che tamari par,0
Atle ... m.l.a no chokro ... mask na pahere ... and biju bapa  ni m.l.a wadi gaadi ... lai ne pan fari sake ... atle koina ... bapa police ma p.c.r van chalavta hoy to... a gaadi chokro used kari sake em..... and police ma bapa hoy to chokro ... vardhi paherine ...farse ... em.... aatli ... badhi tani ... kem ... bhai  ... aa to nagaiii che..... really .....,1
Aa loko khali khava piva ane moj karva j peda thaya che...mafat nu khava maley... foreign thi khub paisa maley che etle hadka haram na ane jibh chalavta avdi gyu,0
Sachi j vaat chhene aama khotu su bolyaa... Rajputo e roti beti na vyavhaar kryaa ne andro andr jagdwamaa j engrejjo ne mughalo raaj kari gyaaa...,0
Aaa ne sidhii  fhaachii aapo fhaa chii aaiyaa pachii 5 galu maro atle aavu koy pan nai kar che aaavu thaa che ne toj rep badh thaa che baaki nai thaa che remaat api ne sorii  dav to su fhai do,0
"aa badhu bhashan aapava karta, vijtar thi thata aksmat atkavo, varsad ma power cut thay tena vishe kai bolo, vij tar ne undergraund kare ena vishe kai bolo",0
Savaminaryan Bhagvan Sacha Pan Temna Santo Ne Hu Manto Nathi Aa Badha Jate Santo Bani gaya Aa Hindu santan Dharm MA Bhagla Padvanu kam Bandh Kare Hanuman Dada nu apman na Kare Jay shree Ram Sanatani Dharam Mahan ce Dada Tamane Sat Bhudi aape Namaskar,0
Are bhai tu su kam rahe che gar ma nikdi jaa jupda ma rahe ne amara madi to banglo nahi mahel ma rahe pan tamara jeva avche ave ne tamne kam su paisa kamava mate aa badhu karo madi ne tame loko badnam na karo,0
are jayant tame kon bhudevo ane koina pan srdha nathie  aaje j banu te bigi vaar banvu joiye nahi nahi to asl parsuram nu rup dekhase tamne,0
Potana bhgwan vishe vaat ave tyare kayar thai ne na besvu jawab aapvoj pade tenej sacho bhakt kahevay.,0
Aaa amna mo pr tmachooo che jeni hal elections ma jit thy che.. hju to bvkuf bnavanii sruaat thy che... aagl jovo hju ktla tayfaooo thse e...,0
"Ane bau apman lagtu hoyto dada ni murti halavi batavo potan adham li jai batavo che takat 

Vichar pan nahi karta kemke dada ram ne narayan vagar nahi rahe kyay nahi rhe.",0
jagmal vala a sachu j kidhu pan tamara ma budhi nathi daru saro se army na javan pive a sachi vat se budhi se janta ma mat apshe khoti afva na felavo Media vara besaram thav ma BJP upar to vishvash nathi tame to janta no vishvash na khovo,0
"Swami narayan vala Santo nilkanth varni pr abhishek na rs.51 levanu bandh kare nilkanth a to ghanu aapyu 6e pan swami narayan vala Santo pramvati ma CGST AND SGST lagavanu bandh kari 1 annakhatra Chave ....
Swami narayan vala Professional rite black nu wight bav kare 6e.....
Bas aatlu dhyn rakhe to bav thay gyu swami narayan sampraday mate......",0
"*****  Swami Tamari Bhasa Thi Tamaru Asli Roop Bahar Awe Chhe. Sharam Karo Je Sacha Sant Hoi To Te Kahe Bhai  ""HATHI CHALE BAZAAR ANE KUTRA BHUKE HAZAAR""  Tamare Kassu Bolvani Ke Samjavavani Jaroor J Nathi. AneTame Avu Karso To Bijane Su Sikhevadso.  Mafi J Hoi. Badha Independence Chhe. Koi Game Te Kahe "" A Amnu Kare Tame Tamaru Karo""",0
Aa sarkar kahevata sawarno ne aagad lavva mage chhe jati vad jro ane pachhat jatione pachhad rakho aevi aemni mansikata raheli chhe aa sarkar brahmanvad parmane chale chhe aamara samaj ma 1 pan sanman layak kalakar na dekhaya navai kahevay,0
Ye gopalbhai our yena lidar gujrat ma moti moti vato karyi loko ne galat margye dorye se dilhi valo ne bekar banvya dilhi ni punjab ni halat bagadi se red padye to AAP partyi ne dar lagye kem dar lagye darvanu karan kai to se.,0
RONAK VADHARE UCHAAVAJE BOLTO NAHI NAHITER TARU KE TARI CHANNEL KYARE NE KEVIRITE BANDH THAI GAY ENI BHAN PAN NAHI RAHE MATE TARA MAP MA RAHI NE BOLJE JO VAT NI KHABAR NA HOY TO CHUP RAHEVU SARU,1
Mafi magvi e pa mard ane mota manvada nu kam che.pelo kya gayo swami je keto hato ke sankar bhagvan na kutumb ne svikruti api.pagal mara bhiliyanath ne tarajeva tran takana swamio na sarti ni jarur nathi eto dhare tyare prutvi halavi ne manva majbur kare che .todu bolvama kabu rakh,0
Have e morari bapu  ramaayn ane vyas oith par thi rajkarniyo na vakhan karta hoy 6...ane swaminaraayn bhagvaan na jivan vise lage 6 vanchyu nathi ane katha ma gyaan aapo ne aavu tevu kevani kai jarroor nathi...,0
Police sarkari nokri no matlab nokri thay Bhai etle to pablik je lokone chuti lave ene salam dhoko 6o,0
Kai nai...game tene pakdi ne police na lockup ma marva a koi bahaduri nu kam karyu hoy em...bannev side jovani....ek pakshe paththar fenkya ane enathi pehla bija a kai nthi kqryu,0
Hindu dharam me bahut sari bate nahi chalti jese sarab pina anda khana matan khana bakre ki bali chadhana üòÇlagta he en sab mese koyi na koyi khata pita hoga üòÇor kayi ase sampraday he jis k bahut video aate he mene dekhe he sayad vo bhi galat hi he,0
Aa Barak to konu che kon che eto nathi khabr but insha'Allah Allah tala darek na parivar na je je gum Thai lu che e insha'Allah Mali jay evi Allah tala thi Khub Khub aasa rakhu Chu aa nana Barak na sabd e Maa sabd boli ne aankho ma thi aansu karavi ankhya üò≠ Hu Allah thi duaa karu Chu me aa Barak ne ina Mata pita bhai bahen Sahi salamt Mali jay insha'Allah üòçü§≤,0
"Sau pratham to e vat, mantri no chhokro rakhdva niklyo nato, ena friends niklya ta, ane police e rokya ema aa kana no chhokro ene Bapa na status no power batavva ayo, ne bicharo fasai gayo, khoto badnam thai gayoüòÇ, to dhod dahapan na karay ne bija ni vat ma",0
Dera aaya dirasa ayeha yeha owera bandha minada wslibatahsi sagamoha dewalopa kaneki samaja nahi paratihsi kaya karana jarurihsi kisaki milibhagatahsi itana owera ganadaki felana korapiresana satata dhari kaya karatahai desa janatakoha behawakufa bananahai kaya dada abhi tska anadha chakasyths minda badha tha kaya satsta dhari gunadoka japasebhi pachhatahai india jahila janagalihsi not dewalop onli bhata chara dewalipahai okindia bharatskeha gulama agarenskeha bhadata ghotalebaja tanatara bsndha mind onli bhasatachari thank,0
Jene  sela 3 varsh ma kombhadi o ne khula Kara te yuvaraj Singh yad rakhjo jm 2014  ma cng tame loko kadhi hati tem aa vakhte tamaro varo. Pela ni vatu hu karo atyre tame su karu e Kyo 25 varah that sasan Kare ne 6 kalak vijli km malti Thai sele tet talati clrak kyare lidhi a pn jojo jarak,0
To bhai nisar te aa cash su vichaari ne lidho 6e tane su laage 6e aa chokro je drive karto to car te car ni koi problem na lidhe thayu aem kevu 6e tamaru ke pachi hu kahu 6u te right 6e to car ni koi problem hoi to door open kari kudi sakay car koi aevi disha ma vadi ne to aa me vaat kari aema badha javab 6e ne tu gujrat no thay ne aa cash no vakil 6e ae vaat thi Mane khubaj dukh thay 6e bhai  ane midia ma tu vaat ae rite kaare 6e tu aene saja apavish aem,0
"SALE  SAB  GUNDE    HO  CHAHE  VAKIL  MLA  MANTRI  SAB ZUTTHE  HAI  ,   PAISO  KA  KHEL  HAI  ,  GARIB  KI  JAN GUJRAT  ME  MODIJI  K  JANE K  BAD   SAB  FAIL  HAI  ,24  K  ELECTION  ME  SAB   BADI  BHUL SAMAJ  ME   AAYEGA",0
Sachi vaat koine khabar chhe swami narayn pote kon hata ane kyare aemnu janam thayu hatu ane hanumanji no janam kyare thayu hatu hanumanji ne to ramayan mahabharat ane bhagvadgeeta ma hata pan swaminarayan nu name koi di sabhlyu üòÇramayan ma,0
Ronak saheb aa muddo dhilo naa mukta aaj pachi na darek episod ma sarakar paase thi javab maago...ghani vaar evu jou che k saakar k pagala lesu etle ronak saheb muddo chodi dee che,0
Ngrpalika ne bivadva muslma bnvani dmki nhiaapvi joile muslman vistaramae aavu hay che,0
Have gondal ni vat kare se pt ne khabar se chuntani pasi gondal vara tari khabar levana se karan lokshahi no jayachand pt se ne kahe se jayarajshih ne etale tari khabar to levani se,0
"Nautam Bhai Swaminarayan maharaj ne ( Bhagwan) kahe che ane Hanuman dada je kharekhar Bhagwan che emne maharaj kahe, Nautam bhai ne Gnan apvu jaruri che, AAA Sampraday nu naamm bagade che, AAA Sampraday ma thoda( Angri na vedhe ganay etla)sacha santtoo pan hase j",0
Aava Dhangi  sadhu ne majuri karta Shikhavado .30 day 10  hour  khada khodavo .nasi Jase.kapda Leva nahi Rahe.lok dan thi  roff mare chhe. Labour pan sanscuti desh  mabap nu apaman  nathi karto jivade chhe.,0